<keymap version="1" name="macOS copy" parent="Mac OS X 10.5+">
  <action id="$Redo">
    <keyboard-shortcut first-keystroke="shift meta z" />
  </action>
  <action id="Editor Redo">
    <keyboard-shortcut first-keystroke="shift meta z" />
  </action>
  <action id="EslintImportCodeStyle">
    <keyboard-shortcut first-keystroke="shift alt e" />
    <keyboard-shortcut first-keystroke="ctrl alt t" />
  </action>
  <action id="Javascript.Linters.EsLint.Fix">
    <keyboard-shortcut first-keystroke="meta alt l" />
  </action>
  <action id="ReformatCode">
    <keyboard-shortcut first-keystroke="alt z" />
  </action>
  <action id="ReformatWithPrettierAction" />
  <action id="Vcs.ReformatCommitMessage">
    <keyboard-shortcut first-keystroke="alt z" />
    <keyboard-shortcut first-keystroke="meta alt l" />
  </action>
</keymap>