<application>
  <component name="ExportableFileTemplateSettings">
    <default_templates>
      <template name="new react component.tsx" reformat="true" live-template-enabled="true">
        <template name="new react component.tsx.child.0༏ext༏.module.scss" file-name="${NAME}" reformat="true" live-template-enabled="false" />
      </template>
      <template name="new react component.tsx.child.0༏ext༏.module.scss" file-name="${NAME}" reformat="true" live-template-enabled="false" />
    </default_templates>
  </component>
</application>