<application>
  <component name="ParameterNameHintsSettings">
    <blacklists>
      <blacklist language="TypeScript">
        <added pattern="createBooking({override, withActiveLocker, isOverdue, oneBookingDay, endDate, startDate})" />
      </blacklist>
    </blacklists>
    <option id="js.only.show.names.for.tagged" value="false" />
    <option id="js.only.show.names.for.pipes" value="false" />
    <option id="js.param.hints.show.names.for.tagged" value="false" />
  </component>
</application>